sample_id,label,measure,gt,manh,agree
narrow_t1_160,Count-down,count,1,1,1
narrow_t1_160,Empty,count,0,0,1
narrow_t1_160,Empty-count-down,count,0,0,1
narrow_t1_160,Green,count,0,0,1
narrow_t1_160,Green-up,count,1,1,1
narrow_t1_160,Red,count,2,2,1
narrow_t1_160,Red-Yellow,count,0,0,1
narrow_t1_160,Yellow,count,0,0,1
narrow_t1_234,Count-down,count,0,0,1
narrow_t1_234,Empty,count,0,0,1
narrow_t1_234,Empty-count-down,count,0,0,1
narrow_t1_234,Green,count,0,0,1
narrow_t1_234,Green-up,count,0,0,1
narrow_t1_234,Red,count,0,0,1
narrow_t1_234,Red-Yellow,count,2,2,1
narrow_t1_234,Yellow,count,0,0,1
wide_t1_106,Count-down,count,0,0,1
wide_t1_106,Empty,count,0,2,0
wide_t1_106,Empty-count-down,count,0,2,0
wide_t1_106,Green,count,0,0,1
wide_t1_106,Green-up,count,0,0,1
wide_t1_106,Red,count,1,1,1
wide_t1_106,Red-Yellow,count,0,0,1
wide_t1_106,Yellow,count,3,3,1
wide_t1_284,Count-down,count,0,2,0
wide_t1_284,Empty,count,0,0,1
wide_t1_284,Empty-count-down,count,0,0,1
wide_t1_284,Green,count,0,2,0
wide_t1_284,Green-up,count,3,3,1
wide_t1_284,Red,count,2,2,1
wide_t1_284,Red-Yellow,count,0,0,1
wide_t1_284,Yellow,count,1,1,1
wide_t2_080,Count-down,count,0,0,1
wide_t2_080,Empty,count,0,4,0
wide_t2_080,Empty-count-down,count,0,0,1
wide_t2_080,Green,count,2,2,1
wide_t2_080,Green-up,count,0,0,1
wide_t2_080,Red,count,0,0,1
wide_t2_080,Red-Yellow,count,0,0,1
wide_t2_080,Yellow,count,0,0,1
