sample_id,file,source,original_name,sequence,width,height,weather,timeofday,scene
narrow_t1_018,data/images/narrow_t1_018.jpg,traffic_light,narrow_t1_018.jpg,, 1920,1080,clear,daytime,city street
narrow_t1_106,data/images/narrow_t1_106.jpg,traffic_light,narrow_t1_106.jpg,, 1920,1080,clear,daytime,city street
narrow_t1_160,data/images/narrow_t1_160.jpg,traffic_light,narrow_t1_160.jpg,, 1920,1080,clear,daytime,city street
narrow_t1_234,data/images/narrow_t1_234.jpg,traffic_light,narrow_t1_234.jpg,, 1920,1080,clear,daytime,city street
narrow_t1_284,data/images/narrow_t1_284.jpg,traffic_light,narrow_t1_284.jpg,, 1920,1080,clear,daytime,city street
narrow_t2_024,data/images/narrow_t2_024.jpg,traffic_light,narrow_t2_024.jpg,, 1920,1080,clear,daytime,city street
narrow_t2_080,data/images/narrow_t2_080.jpg,traffic_light,narrow_t2_080.jpg,, 1920,1080,clear,daytime,city street
narrow_t2_100,data/images/narrow_t2_100.jpg,traffic_light,narrow_t2_100.jpg,, 1920,1080,clear,daytime,city street
narrow_t2_121,data/images/narrow_t2_121.jpg,traffic_light,narrow_t2_121.jpg,, 1920,1080,clear,daytime,city street
narrow_t2_146,data/images/narrow_t2_146.jpg,traffic_light,narrow_t2_146.jpg,, 1920,1080,clear,daytime,city street
narrow_t2_220,data/images/narrow_t2_220.jpg,traffic_light,narrow_t2_220.jpg,, 1920,1080,clear,daytime,city street
narrow_t2_259,data/images/narrow_t2_259.jpg,traffic_light,narrow_t2_259.jpg,, 1920,1080,clear,daytime,city street
narrow_t2_376,data/images/narrow_t2_376.jpg,traffic_light,narrow_t2_376.jpg,, 1920,1080,clear,daytime,city street
narrow_t2_382,data/images/narrow_t2_382.jpg,traffic_light,narrow_t2_382.jpg,, 1920,1080,clear,daytime,city street
narrow_t2_454,data/images/narrow_t2_454.jpg,traffic_light,narrow_t2_454.jpg,, 1920,1080,clear,daytime,city street
wide_t1_018,data/images/wide_t1_018.jpg,traffic_light,wide_t1_018.jpg,, 1920,1080,clear,daytime,city street
wide_t1_106,data/images/wide_t1_106.jpg,traffic_light,wide_t1_106.jpg,, 1920,1080,clear,daytime,city street
wide_t1_160,data/images/wide_t1_160.jpg,traffic_light,wide_t1_160.jpg,, 1920,1080,clear,daytime,city street
wide_t1_234,data/images/wide_t1_234.jpg,traffic_light,wide_t1_234.jpg,, 1920,1080,clear,daytime,city street
wide_t1_284,data/images/wide_t1_284.jpg,traffic_light,wide_t1_284.jpg,, 1920,1080,clear,daytime,city street
wide_t2_024,data/images/wide_t2_024.jpg,traffic_light,wide_t2_024.jpg,, 1920,1080,clear,daytime,city street
wide_t2_080,data/images/wide_t2_080.jpg,traffic_light,wide_t2_080.jpg,, 1920,1080,clear,daytime,city street
wide_t2_100,data/images/wide_t2_100.jpg,traffic_light,wide_t2_100.jpg,, 1920,1080,clear,daytime,city street
wide_t2_121,data/images/wide_t2_121.jpg,traffic_light,wide_t2_121.jpg,, 1920,1080,clear,daytime,city street
wide_t2_146,data/images/wide_t2_146.jpg,traffic_light,wide_t2_146.jpg,, 1920,1080,clear,daytime,city street
wide_t2_220,data/images/wide_t2_220.jpg,traffic_light,wide_t2_220.jpg,, 1920,1080,clear,daytime,city street
wide_t2_259,data/images/wide_t2_259.jpg,traffic_light,wide_t2_259.jpg,, 1920,1080,clear,daytime,city street
wide_t2_376,data/images/wide_t2_376.jpg,traffic_light,wide_t2_376.jpg,, 1920,1080,clear,daytime,city street
wide_t2_382,data/images/wide_t2_382.jpg,traffic_light,wide_t2_382.jpg,, 1920,1080,clear,daytime,city street
wide_t2_454,data/images/wide_t2_454.jpg,traffic_light,wide_t2_454.jpg,, 1920,1080,clear,daytime,city street
